FilePath,DocumentName,Company,Year,Report
C:\Users\Jeremy Chia\Documents\GitHub\NLP-SustainabilityReports-FinancialPerformance\Sustainability Reports or Annual Reports\ASCENDAS REAL ESTATE INV TRUST_2015_SUS.pdf,ASCENDAS REAL ESTATE INV TRUST_2015_SUS.pdf,ASCENDAS REAL ESTATE INV TRUST,2015,SUS
C:\Users\Jeremy Chia\Documents\GitHub\NLP-SustainabilityReports-FinancialPerformance\Sustainability Reports or Annual Reports\ASCENDAS REAL ESTATE INV TRUST_2016_SUS.pdf,ASCENDAS REAL ESTATE INV TRUST_2016_SUS.pdf,ASCENDAS REAL ESTATE INV TRUST,2016,SUS
C:\Users\Jeremy Chia\Documents\GitHub\NLP-SustainabilityReports-FinancialPerformance\Sustainability Reports or Annual Reports\ASCENDAS REAL ESTATE INV TRUST_2017_SUS.pdf,ASCENDAS REAL ESTATE INV TRUST_2017_SUS.pdf,ASCENDAS REAL ESTATE INV TRUST,2017,SUS
C:\Users\Jeremy Chia\Documents\GitHub\NLP-SustainabilityReports-FinancialPerformance\Sustainability Reports or Annual Reports\ASCENDAS REAL ESTATE INV TRUST_2018_SUS.pdf,ASCENDAS REAL ESTATE INV TRUST_2018_SUS.pdf,ASCENDAS REAL ESTATE INV TRUST,2018,SUS
C:\Users\Jeremy Chia\Documents\GitHub\NLP-SustainabilityReports-FinancialPerformance\Sustainability Reports or Annual Reports\ASCENDAS REAL ESTATE INV TRUST_2019_SUS.pdf,ASCENDAS REAL ESTATE INV TRUST_2019_SUS.pdf,ASCENDAS REAL ESTATE INV TRUST,2019,SUS
C:\Users\Jeremy Chia\Documents\GitHub\NLP-SustainabilityReports-FinancialPerformance\Sustainability Reports or Annual Reports\ASCENDAS REAL ESTATE INV TRUST_2020_SUS.pdf,ASCENDAS REAL ESTATE INV TRUST_2020_SUS.pdf,ASCENDAS REAL ESTATE INV TRUST,2020,SUS
C:\Users\Jeremy Chia\Documents\GitHub\NLP-SustainabilityReports-FinancialPerformance\Sustainability Reports or Annual Reports\ASCENDAS REAL ESTATE INV TRUST_2021_SUS.pdf,ASCENDAS REAL ESTATE INV TRUST_2021_SUS.pdf,ASCENDAS REAL ESTATE INV TRUST,2021,SUS
C:\Users\Jeremy Chia\Documents\GitHub\NLP-SustainabilityReports-FinancialPerformance\Sustainability Reports or Annual Reports\CAPITALAND INTEGRATED COMM TR_2015_SUS.pdf,CAPITALAND INTEGRATED COMM TR_2015_SUS.pdf,CAPITALAND INTEGRATED COMM TR,2015,SUS
C:\Users\Jeremy Chia\Documents\GitHub\NLP-SustainabilityReports-FinancialPerformance\Sustainability Reports or Annual Reports\CAPITALAND INTEGRATED COMM TR_2016_SUS.pdf,CAPITALAND INTEGRATED COMM TR_2016_SUS.pdf,CAPITALAND INTEGRATED COMM TR,2016,SUS
C:\Users\Jeremy Chia\Documents\GitHub\NLP-SustainabilityReports-FinancialPerformance\Sustainability Reports or Annual Reports\CAPITALAND INTEGRATED COMM TR_2017_SUS.pdf,CAPITALAND INTEGRATED COMM TR_2017_SUS.pdf,CAPITALAND INTEGRATED COMM TR,2017,SUS
C:\Users\Jeremy Chia\Documents\GitHub\NLP-SustainabilityReports-FinancialPerformance\Sustainability Reports or Annual Reports\CAPITALAND INTEGRATED COMM TR_2018_SUS.pdf,CAPITALAND INTEGRATED COMM TR_2018_SUS.pdf,CAPITALAND INTEGRATED COMM TR,2018,SUS
C:\Users\Jeremy Chia\Documents\GitHub\NLP-SustainabilityReports-FinancialPerformance\Sustainability Reports or Annual Reports\CAPITALAND INTEGRATED COMM TR_2019_SUS.pdf,CAPITALAND INTEGRATED COMM TR_2019_SUS.pdf,CAPITALAND INTEGRATED COMM TR,2019,SUS
C:\Users\Jeremy Chia\Documents\GitHub\NLP-SustainabilityReports-FinancialPerformance\Sustainability Reports or Annual Reports\CAPITALAND INTEGRATED COMM TR_2020_SUS.pdf,CAPITALAND INTEGRATED COMM TR_2020_SUS.pdf,CAPITALAND INTEGRATED COMM TR,2020,SUS
C:\Users\Jeremy Chia\Documents\GitHub\NLP-SustainabilityReports-FinancialPerformance\Sustainability Reports or Annual Reports\CAPITALAND INTEGRATED COMM TR_2021_SUS.pdf,CAPITALAND INTEGRATED COMM TR_2021_SUS.pdf,CAPITALAND INTEGRATED COMM TR,2021,SUS
C:\Users\Jeremy Chia\Documents\GitHub\NLP-SustainabilityReports-FinancialPerformance\Sustainability Reports or Annual Reports\CAPITALAND INVESTMENT LIMITED_2015_SUS.pdf,CAPITALAND INVESTMENT LIMITED_2015_SUS.pdf,CAPITALAND INVESTMENT LIMITED,2015,SUS
C:\Users\Jeremy Chia\Documents\GitHub\NLP-SustainabilityReports-FinancialPerformance\Sustainability Reports or Annual Reports\CAPITALAND INVESTMENT LIMITED_2016_SUS.pdf,CAPITALAND INVESTMENT LIMITED_2016_SUS.pdf,CAPITALAND INVESTMENT LIMITED,2016,SUS
C:\Users\Jeremy Chia\Documents\GitHub\NLP-SustainabilityReports-FinancialPerformance\Sustainability Reports or Annual Reports\CAPITALAND INVESTMENT LIMITED_2017_SUS.pdf,CAPITALAND INVESTMENT LIMITED_2017_SUS.pdf,CAPITALAND INVESTMENT LIMITED,2017,SUS
C:\Users\Jeremy Chia\Documents\GitHub\NLP-SustainabilityReports-FinancialPerformance\Sustainability Reports or Annual Reports\CAPITALAND INVESTMENT LIMITED_2018_SUS.pdf,CAPITALAND INVESTMENT LIMITED_2018_SUS.pdf,CAPITALAND INVESTMENT LIMITED,2018,SUS
C:\Users\Jeremy Chia\Documents\GitHub\NLP-SustainabilityReports-FinancialPerformance\Sustainability Reports or Annual Reports\CAPITALAND INVESTMENT LIMITED_2019_SUS.pdf,CAPITALAND INVESTMENT LIMITED_2019_SUS.pdf,CAPITALAND INVESTMENT LIMITED,2019,SUS
C:\Users\Jeremy Chia\Documents\GitHub\NLP-SustainabilityReports-FinancialPerformance\Sustainability Reports or Annual Reports\CAPITALAND INVESTMENT LIMITED_2020_SUS.pdf,CAPITALAND INVESTMENT LIMITED_2020_SUS.pdf,CAPITALAND INVESTMENT LIMITED,2020,SUS
C:\Users\Jeremy Chia\Documents\GitHub\NLP-SustainabilityReports-FinancialPerformance\Sustainability Reports or Annual Reports\CAPITALAND INVESTMENT LIMITED_2021_SUS.pdf,CAPITALAND INVESTMENT LIMITED_2021_SUS.pdf,CAPITALAND INVESTMENT LIMITED,2021,SUS
C:\Users\Jeremy Chia\Documents\GitHub\NLP-SustainabilityReports-FinancialPerformance\Sustainability Reports or Annual Reports\CITY DEVELOPMENTS LIMITED_2015_SUS.pdf,CITY DEVELOPMENTS LIMITED_2015_SUS.pdf,CITY DEVELOPMENTS LIMITED,2015,SUS
C:\Users\Jeremy Chia\Documents\GitHub\NLP-SustainabilityReports-FinancialPerformance\Sustainability Reports or Annual Reports\CITY DEVELOPMENTS LIMITED_2016_SUS.pdf,CITY DEVELOPMENTS LIMITED_2016_SUS.pdf,CITY DEVELOPMENTS LIMITED,2016,SUS
C:\Users\Jeremy Chia\Documents\GitHub\NLP-SustainabilityReports-FinancialPerformance\Sustainability Reports or Annual Reports\CITY DEVELOPMENTS LIMITED_2017_SUS.pdf,CITY DEVELOPMENTS LIMITED_2017_SUS.pdf,CITY DEVELOPMENTS LIMITED,2017,SUS
C:\Users\Jeremy Chia\Documents\GitHub\NLP-SustainabilityReports-FinancialPerformance\Sustainability Reports or Annual Reports\CITY DEVELOPMENTS LIMITED_2018_SUS.pdf,CITY DEVELOPMENTS LIMITED_2018_SUS.pdf,CITY DEVELOPMENTS LIMITED,2018,SUS
C:\Users\Jeremy Chia\Documents\GitHub\NLP-SustainabilityReports-FinancialPerformance\Sustainability Reports or Annual Reports\CITY DEVELOPMENTS LIMITED_2019_SUS.pdf,CITY DEVELOPMENTS LIMITED_2019_SUS.pdf,CITY DEVELOPMENTS LIMITED,2019,SUS
C:\Users\Jeremy Chia\Documents\GitHub\NLP-SustainabilityReports-FinancialPerformance\Sustainability Reports or Annual Reports\CITY DEVELOPMENTS LIMITED_2020_SUS.pdf,CITY DEVELOPMENTS LIMITED_2020_SUS.pdf,CITY DEVELOPMENTS LIMITED,2020,SUS
C:\Users\Jeremy Chia\Documents\GitHub\NLP-SustainabilityReports-FinancialPerformance\Sustainability Reports or Annual Reports\CITY DEVELOPMENTS LIMITED_2021_SUS.pdf,CITY DEVELOPMENTS LIMITED_2021_SUS.pdf,CITY DEVELOPMENTS LIMITED,2021,SUS
C:\Users\Jeremy Chia\Documents\GitHub\NLP-SustainabilityReports-FinancialPerformance\Sustainability Reports or Annual Reports\COMFORTDELGRO CORPORATION LTD_2015_SUS.pdf,COMFORTDELGRO CORPORATION LTD_2015_SUS.pdf,COMFORTDELGRO CORPORATION LTD,2015,SUS
C:\Users\Jeremy Chia\Documents\GitHub\NLP-SustainabilityReports-FinancialPerformance\Sustainability Reports or Annual Reports\COMFORTDELGRO CORPORATION LTD_2016_SUS.pdf,COMFORTDELGRO CORPORATION LTD_2016_SUS.pdf,COMFORTDELGRO CORPORATION LTD,2016,SUS
C:\Users\Jeremy Chia\Documents\GitHub\NLP-SustainabilityReports-FinancialPerformance\Sustainability Reports or Annual Reports\COMFORTDELGRO CORPORATION LTD_2017_SUS.pdf,COMFORTDELGRO CORPORATION LTD_2017_SUS.pdf,COMFORTDELGRO CORPORATION LTD,2017,SUS
C:\Users\Jeremy Chia\Documents\GitHub\NLP-SustainabilityReports-FinancialPerformance\Sustainability Reports or Annual Reports\COMFORTDELGRO CORPORATION LTD_2018_SUS.pdf,COMFORTDELGRO CORPORATION LTD_2018_SUS.pdf,COMFORTDELGRO CORPORATION LTD,2018,SUS
C:\Users\Jeremy Chia\Documents\GitHub\NLP-SustainabilityReports-FinancialPerformance\Sustainability Reports or Annual Reports\COMFORTDELGRO CORPORATION LTD_2019_SUS.pdf,COMFORTDELGRO CORPORATION LTD_2019_SUS.pdf,COMFORTDELGRO CORPORATION LTD,2019,SUS
C:\Users\Jeremy Chia\Documents\GitHub\NLP-SustainabilityReports-FinancialPerformance\Sustainability Reports or Annual Reports\COMFORTDELGRO CORPORATION LTD_2020_SUS.pdf,COMFORTDELGRO CORPORATION LTD_2020_SUS.pdf,COMFORTDELGRO CORPORATION LTD,2020,SUS
C:\Users\Jeremy Chia\Documents\GitHub\NLP-SustainabilityReports-FinancialPerformance\Sustainability Reports or Annual Reports\COMFORTDELGRO CORPORATION LTD_2021_SUS.pdf,COMFORTDELGRO CORPORATION LTD_2021_SUS.pdf,COMFORTDELGRO CORPORATION LTD,2021,SUS
C:\Users\Jeremy Chia\Documents\GitHub\NLP-SustainabilityReports-FinancialPerformance\Sustainability Reports or Annual Reports\DAIRY FARM INT'L HOLDINGS LTD_2015_SUS.pdf,DAIRY FARM INT'L HOLDINGS LTD_2015_SUS.pdf,DAIRY FARM INT'L HOLDINGS LTD,2015,SUS
C:\Users\Jeremy Chia\Documents\GitHub\NLP-SustainabilityReports-FinancialPerformance\Sustainability Reports or Annual Reports\DAIRY FARM INT'L HOLDINGS LTD_2016_SUS.pdf,DAIRY FARM INT'L HOLDINGS LTD_2016_SUS.pdf,DAIRY FARM INT'L HOLDINGS LTD,2016,SUS
C:\Users\Jeremy Chia\Documents\GitHub\NLP-SustainabilityReports-FinancialPerformance\Sustainability Reports or Annual Reports\DAIRY FARM INT'L HOLDINGS LTD_2017_SUS.pdf,DAIRY FARM INT'L HOLDINGS LTD_2017_SUS.pdf,DAIRY FARM INT'L HOLDINGS LTD,2017,SUS
C:\Users\Jeremy Chia\Documents\GitHub\NLP-SustainabilityReports-FinancialPerformance\Sustainability Reports or Annual Reports\DAIRY FARM INT'L HOLDINGS LTD_2018_SUS.pdf,DAIRY FARM INT'L HOLDINGS LTD_2018_SUS.pdf,DAIRY FARM INT'L HOLDINGS LTD,2018,SUS
C:\Users\Jeremy Chia\Documents\GitHub\NLP-SustainabilityReports-FinancialPerformance\Sustainability Reports or Annual Reports\DAIRY FARM INT'L HOLDINGS LTD_2019_SUS.pdf,DAIRY FARM INT'L HOLDINGS LTD_2019_SUS.pdf,DAIRY FARM INT'L HOLDINGS LTD,2019,SUS
C:\Users\Jeremy Chia\Documents\GitHub\NLP-SustainabilityReports-FinancialPerformance\Sustainability Reports or Annual Reports\DAIRY FARM INT'L HOLDINGS LTD_2020_SUS.pdf,DAIRY FARM INT'L HOLDINGS LTD_2020_SUS.pdf,DAIRY FARM INT'L HOLDINGS LTD,2020,SUS
C:\Users\Jeremy Chia\Documents\GitHub\NLP-SustainabilityReports-FinancialPerformance\Sustainability Reports or Annual Reports\DAIRY FARM INT'L HOLDINGS LTD_2021_SUS.pdf,DAIRY FARM INT'L HOLDINGS LTD_2021_SUS.pdf,DAIRY FARM INT'L HOLDINGS LTD,2021,SUS
C:\Users\Jeremy Chia\Documents\GitHub\NLP-SustainabilityReports-FinancialPerformance\Sustainability Reports or Annual Reports\DBS GROUP HOLDINGS LTD_2015_SUS.pdf,DBS GROUP HOLDINGS LTD_2015_SUS.pdf,DBS GROUP HOLDINGS LTD,2015,SUS
C:\Users\Jeremy Chia\Documents\GitHub\NLP-SustainabilityReports-FinancialPerformance\Sustainability Reports or Annual Reports\DBS GROUP HOLDINGS LTD_2016_SUS.pdf,DBS GROUP HOLDINGS LTD_2016_SUS.pdf,DBS GROUP HOLDINGS LTD,2016,SUS
C:\Users\Jeremy Chia\Documents\GitHub\NLP-SustainabilityReports-FinancialPerformance\Sustainability Reports or Annual Reports\DBS GROUP HOLDINGS LTD_2017_SUS.pdf,DBS GROUP HOLDINGS LTD_2017_SUS.pdf,DBS GROUP HOLDINGS LTD,2017,SUS
C:\Users\Jeremy Chia\Documents\GitHub\NLP-SustainabilityReports-FinancialPerformance\Sustainability Reports or Annual Reports\DBS GROUP HOLDINGS LTD_2018_SUS.pdf,DBS GROUP HOLDINGS LTD_2018_SUS.pdf,DBS GROUP HOLDINGS LTD,2018,SUS
C:\Users\Jeremy Chia\Documents\GitHub\NLP-SustainabilityReports-FinancialPerformance\Sustainability Reports or Annual Reports\DBS GROUP HOLDINGS LTD_2019_SUS.pdf,DBS GROUP HOLDINGS LTD_2019_SUS.pdf,DBS GROUP HOLDINGS LTD,2019,SUS
C:\Users\Jeremy Chia\Documents\GitHub\NLP-SustainabilityReports-FinancialPerformance\Sustainability Reports or Annual Reports\DBS GROUP HOLDINGS LTD_2020_SUS.pdf,DBS GROUP HOLDINGS LTD_2020_SUS.pdf,DBS GROUP HOLDINGS LTD,2020,SUS
C:\Users\Jeremy Chia\Documents\GitHub\NLP-SustainabilityReports-FinancialPerformance\Sustainability Reports or Annual Reports\DBS GROUP HOLDINGS LTD_2021_SUS.pdf,DBS GROUP HOLDINGS LTD_2021_SUS.pdf,DBS GROUP HOLDINGS LTD,2021,SUS
C:\Users\Jeremy Chia\Documents\GitHub\NLP-SustainabilityReports-FinancialPerformance\Sustainability Reports or Annual Reports\FRASERS LOGISTICS & COMMERCIAL TRUST_2017_SUS.pdf,FRASERS LOGISTICS & COMMERCIAL TRUST_2017_SUS.pdf,FRASERS LOGISTICS & COMMERCIAL TRUST,2017,SUS
C:\Users\Jeremy Chia\Documents\GitHub\NLP-SustainabilityReports-FinancialPerformance\Sustainability Reports or Annual Reports\FRASERS LOGISTICS & COMMERCIAL TRUST_2018_SUS.pdf,FRASERS LOGISTICS & COMMERCIAL TRUST_2018_SUS.pdf,FRASERS LOGISTICS & COMMERCIAL TRUST,2018,SUS
C:\Users\Jeremy Chia\Documents\GitHub\NLP-SustainabilityReports-FinancialPerformance\Sustainability Reports or Annual Reports\FRASERS LOGISTICS & COMMERCIAL TRUST_2019_SUS.pdf,FRASERS LOGISTICS & COMMERCIAL TRUST_2019_SUS.pdf,FRASERS LOGISTICS & COMMERCIAL TRUST,2019,SUS
C:\Users\Jeremy Chia\Documents\GitHub\NLP-SustainabilityReports-FinancialPerformance\Sustainability Reports or Annual Reports\FRASERS LOGISTICS & COMMERCIAL TRUST_2020_SUS.pdf,FRASERS LOGISTICS & COMMERCIAL TRUST_2020_SUS.pdf,FRASERS LOGISTICS & COMMERCIAL TRUST,2020,SUS
C:\Users\Jeremy Chia\Documents\GitHub\NLP-SustainabilityReports-FinancialPerformance\Sustainability Reports or Annual Reports\FRASERS LOGISTICS & COMMERCIAL TRUST_2021_SUS.pdf,FRASERS LOGISTICS & COMMERCIAL TRUST_2021_SUS.pdf,FRASERS LOGISTICS & COMMERCIAL TRUST,2021,SUS
C:\Users\Jeremy Chia\Documents\GitHub\NLP-SustainabilityReports-FinancialPerformance\Sustainability Reports or Annual Reports\GENTING SINGAPORE LIMITED_2015_SUS.pdf,GENTING SINGAPORE LIMITED_2015_SUS.pdf,GENTING SINGAPORE LIMITED,2015,SUS
C:\Users\Jeremy Chia\Documents\GitHub\NLP-SustainabilityReports-FinancialPerformance\Sustainability Reports or Annual Reports\GENTING SINGAPORE LIMITED_2016_SUS.pdf,GENTING SINGAPORE LIMITED_2016_SUS.pdf,GENTING SINGAPORE LIMITED,2016,SUS
C:\Users\Jeremy Chia\Documents\GitHub\NLP-SustainabilityReports-FinancialPerformance\Sustainability Reports or Annual Reports\GENTING SINGAPORE LIMITED_2017_SUS.pdf,GENTING SINGAPORE LIMITED_2017_SUS.pdf,GENTING SINGAPORE LIMITED,2017,SUS
C:\Users\Jeremy Chia\Documents\GitHub\NLP-SustainabilityReports-FinancialPerformance\Sustainability Reports or Annual Reports\GENTING SINGAPORE LIMITED_2018_SUS.pdf,GENTING SINGAPORE LIMITED_2018_SUS.pdf,GENTING SINGAPORE LIMITED,2018,SUS
C:\Users\Jeremy Chia\Documents\GitHub\NLP-SustainabilityReports-FinancialPerformance\Sustainability Reports or Annual Reports\GENTING SINGAPORE LIMITED_2019_SUS.pdf,GENTING SINGAPORE LIMITED_2019_SUS.pdf,GENTING SINGAPORE LIMITED,2019,SUS
C:\Users\Jeremy Chia\Documents\GitHub\NLP-SustainabilityReports-FinancialPerformance\Sustainability Reports or Annual Reports\GENTING SINGAPORE LIMITED_2020_SUS.pdf,GENTING SINGAPORE LIMITED_2020_SUS.pdf,GENTING SINGAPORE LIMITED,2020,SUS
C:\Users\Jeremy Chia\Documents\GitHub\NLP-SustainabilityReports-FinancialPerformance\Sustainability Reports or Annual Reports\GENTING SINGAPORE LIMITED_2021_SUS.pdf,GENTING SINGAPORE LIMITED_2021_SUS.pdf,GENTING SINGAPORE LIMITED,2021,SUS
C:\Users\Jeremy Chia\Documents\GitHub\NLP-SustainabilityReports-FinancialPerformance\Sustainability Reports or Annual Reports\HONGKONG LAND HOLDINGS LIMITED_2015_SUS.pdf,HONGKONG LAND HOLDINGS LIMITED_2015_SUS.pdf,HONGKONG LAND HOLDINGS LIMITED,2015,SUS
C:\Users\Jeremy Chia\Documents\GitHub\NLP-SustainabilityReports-FinancialPerformance\Sustainability Reports or Annual Reports\HONGKONG LAND HOLDINGS LIMITED_2016_SUS.pdf,HONGKONG LAND HOLDINGS LIMITED_2016_SUS.pdf,HONGKONG LAND HOLDINGS LIMITED,2016,SUS
C:\Users\Jeremy Chia\Documents\GitHub\NLP-SustainabilityReports-FinancialPerformance\Sustainability Reports or Annual Reports\HONGKONG LAND HOLDINGS LIMITED_2017_SUS.pdf,HONGKONG LAND HOLDINGS LIMITED_2017_SUS.pdf,HONGKONG LAND HOLDINGS LIMITED,2017,SUS
C:\Users\Jeremy Chia\Documents\GitHub\NLP-SustainabilityReports-FinancialPerformance\Sustainability Reports or Annual Reports\HONGKONG LAND HOLDINGS LIMITED_2018_SUS.pdf,HONGKONG LAND HOLDINGS LIMITED_2018_SUS.pdf,HONGKONG LAND HOLDINGS LIMITED,2018,SUS
C:\Users\Jeremy Chia\Documents\GitHub\NLP-SustainabilityReports-FinancialPerformance\Sustainability Reports or Annual Reports\HONGKONG LAND HOLDINGS LIMITED_2019_SUS.pdf,HONGKONG LAND HOLDINGS LIMITED_2019_SUS.pdf,HONGKONG LAND HOLDINGS LIMITED,2019,SUS
C:\Users\Jeremy Chia\Documents\GitHub\NLP-SustainabilityReports-FinancialPerformance\Sustainability Reports or Annual Reports\HONGKONG LAND HOLDINGS LIMITED_2020_SUS.pdf,HONGKONG LAND HOLDINGS LIMITED_2020_SUS.pdf,HONGKONG LAND HOLDINGS LIMITED,2020,SUS
C:\Users\Jeremy Chia\Documents\GitHub\NLP-SustainabilityReports-FinancialPerformance\Sustainability Reports or Annual Reports\HONGKONG LAND HOLDINGS LIMITED_2021_SUS.pdf,HONGKONG LAND HOLDINGS LIMITED_2021_SUS.pdf,HONGKONG LAND HOLDINGS LIMITED,2021,SUS
C:\Users\Jeremy Chia\Documents\GitHub\NLP-SustainabilityReports-FinancialPerformance\Sustainability Reports or Annual Reports\JARDINE CYCLE & CARRIAGE LTD_2015_SUS.pdf,JARDINE CYCLE & CARRIAGE LTD_2015_SUS.pdf,JARDINE CYCLE & CARRIAGE LTD,2015,SUS
C:\Users\Jeremy Chia\Documents\GitHub\NLP-SustainabilityReports-FinancialPerformance\Sustainability Reports or Annual Reports\JARDINE CYCLE & CARRIAGE LTD_2016_SUS.pdf,JARDINE CYCLE & CARRIAGE LTD_2016_SUS.pdf,JARDINE CYCLE & CARRIAGE LTD,2016,SUS
C:\Users\Jeremy Chia\Documents\GitHub\NLP-SustainabilityReports-FinancialPerformance\Sustainability Reports or Annual Reports\JARDINE CYCLE & CARRIAGE LTD_2017_SUS.pdf,JARDINE CYCLE & CARRIAGE LTD_2017_SUS.pdf,JARDINE CYCLE & CARRIAGE LTD,2017,SUS
C:\Users\Jeremy Chia\Documents\GitHub\NLP-SustainabilityReports-FinancialPerformance\Sustainability Reports or Annual Reports\JARDINE CYCLE & CARRIAGE LTD_2018_SUS.pdf,JARDINE CYCLE & CARRIAGE LTD_2018_SUS.pdf,JARDINE CYCLE & CARRIAGE LTD,2018,SUS
C:\Users\Jeremy Chia\Documents\GitHub\NLP-SustainabilityReports-FinancialPerformance\Sustainability Reports or Annual Reports\JARDINE CYCLE & CARRIAGE LTD_2019_SUS.pdf,JARDINE CYCLE & CARRIAGE LTD_2019_SUS.pdf,JARDINE CYCLE & CARRIAGE LTD,2019,SUS
C:\Users\Jeremy Chia\Documents\GitHub\NLP-SustainabilityReports-FinancialPerformance\Sustainability Reports or Annual Reports\JARDINE CYCLE & CARRIAGE LTD_2020_SUS.pdf,JARDINE CYCLE & CARRIAGE LTD_2020_SUS.pdf,JARDINE CYCLE & CARRIAGE LTD,2020,SUS
C:\Users\Jeremy Chia\Documents\GitHub\NLP-SustainabilityReports-FinancialPerformance\Sustainability Reports or Annual Reports\JARDINE CYCLE & CARRIAGE LTD_2021_SUS.pdf,JARDINE CYCLE & CARRIAGE LTD_2021_SUS.pdf,JARDINE CYCLE & CARRIAGE LTD,2021,SUS
C:\Users\Jeremy Chia\Documents\GitHub\NLP-SustainabilityReports-FinancialPerformance\Sustainability Reports or Annual Reports\JARDINE MATHESON HLDGS LTD_2015_SUS.pdf,JARDINE MATHESON HLDGS LTD_2015_SUS.pdf,JARDINE MATHESON HLDGS LTD,2015,SUS
C:\Users\Jeremy Chia\Documents\GitHub\NLP-SustainabilityReports-FinancialPerformance\Sustainability Reports or Annual Reports\JARDINE MATHESON HLDGS LTD_2016_SUS.pdf,JARDINE MATHESON HLDGS LTD_2016_SUS.pdf,JARDINE MATHESON HLDGS LTD,2016,SUS
C:\Users\Jeremy Chia\Documents\GitHub\NLP-SustainabilityReports-FinancialPerformance\Sustainability Reports or Annual Reports\JARDINE MATHESON HLDGS LTD_2017_SUS.pdf,JARDINE MATHESON HLDGS LTD_2017_SUS.pdf,JARDINE MATHESON HLDGS LTD,2017,SUS
C:\Users\Jeremy Chia\Documents\GitHub\NLP-SustainabilityReports-FinancialPerformance\Sustainability Reports or Annual Reports\JARDINE MATHESON HLDGS LTD_2018_SUS.pdf,JARDINE MATHESON HLDGS LTD_2018_SUS.pdf,JARDINE MATHESON HLDGS LTD,2018,SUS
C:\Users\Jeremy Chia\Documents\GitHub\NLP-SustainabilityReports-FinancialPerformance\Sustainability Reports or Annual Reports\JARDINE MATHESON HLDGS LTD_2019_SUS.pdf,JARDINE MATHESON HLDGS LTD_2019_SUS.pdf,JARDINE MATHESON HLDGS LTD,2019,SUS
C:\Users\Jeremy Chia\Documents\GitHub\NLP-SustainabilityReports-FinancialPerformance\Sustainability Reports or Annual Reports\JARDINE MATHESON HLDGS LTD_2020_SUS.pdf,JARDINE MATHESON HLDGS LTD_2020_SUS.pdf,JARDINE MATHESON HLDGS LTD,2020,SUS
C:\Users\Jeremy Chia\Documents\GitHub\NLP-SustainabilityReports-FinancialPerformance\Sustainability Reports or Annual Reports\JARDINE MATHESON HLDGS LTD_2021_SUS.pdf,JARDINE MATHESON HLDGS LTD_2021_SUS.pdf,JARDINE MATHESON HLDGS LTD,2021,SUS
C:\Users\Jeremy Chia\Documents\GitHub\NLP-SustainabilityReports-FinancialPerformance\Sustainability Reports or Annual Reports\KEPPEL CORPORATION LIMITED_2015_SUS.pdf,KEPPEL CORPORATION LIMITED_2015_SUS.pdf,KEPPEL CORPORATION LIMITED,2015,SUS
C:\Users\Jeremy Chia\Documents\GitHub\NLP-SustainabilityReports-FinancialPerformance\Sustainability Reports or Annual Reports\KEPPEL CORPORATION LIMITED_2016_SUS.pdf,KEPPEL CORPORATION LIMITED_2016_SUS.pdf,KEPPEL CORPORATION LIMITED,2016,SUS
C:\Users\Jeremy Chia\Documents\GitHub\NLP-SustainabilityReports-FinancialPerformance\Sustainability Reports or Annual Reports\KEPPEL CORPORATION LIMITED_2017_SUS.pdf,KEPPEL CORPORATION LIMITED_2017_SUS.pdf,KEPPEL CORPORATION LIMITED,2017,SUS
C:\Users\Jeremy Chia\Documents\GitHub\NLP-SustainabilityReports-FinancialPerformance\Sustainability Reports or Annual Reports\KEPPEL CORPORATION LIMITED_2018_SUS.pdf,KEPPEL CORPORATION LIMITED_2018_SUS.pdf,KEPPEL CORPORATION LIMITED,2018,SUS
C:\Users\Jeremy Chia\Documents\GitHub\NLP-SustainabilityReports-FinancialPerformance\Sustainability Reports or Annual Reports\KEPPEL CORPORATION LIMITED_2019_SUS.pdf,KEPPEL CORPORATION LIMITED_2019_SUS.pdf,KEPPEL CORPORATION LIMITED,2019,SUS
C:\Users\Jeremy Chia\Documents\GitHub\NLP-SustainabilityReports-FinancialPerformance\Sustainability Reports or Annual Reports\KEPPEL CORPORATION LIMITED_2020_SUS.pdf,KEPPEL CORPORATION LIMITED_2020_SUS.pdf,KEPPEL CORPORATION LIMITED,2020,SUS
C:\Users\Jeremy Chia\Documents\GitHub\NLP-SustainabilityReports-FinancialPerformance\Sustainability Reports or Annual Reports\KEPPEL DC REIT_2015_SUS.pdf,KEPPEL DC REIT_2015_SUS.pdf,KEPPEL DC REIT,2015,SUS
C:\Users\Jeremy Chia\Documents\GitHub\NLP-SustainabilityReports-FinancialPerformance\Sustainability Reports or Annual Reports\KEPPEL DC REIT_2016_SUS.pdf,KEPPEL DC REIT_2016_SUS.pdf,KEPPEL DC REIT,2016,SUS
C:\Users\Jeremy Chia\Documents\GitHub\NLP-SustainabilityReports-FinancialPerformance\Sustainability Reports or Annual Reports\KEPPEL DC REIT_2017_SUS.pdf,KEPPEL DC REIT_2017_SUS.pdf,KEPPEL DC REIT,2017,SUS
C:\Users\Jeremy Chia\Documents\GitHub\NLP-SustainabilityReports-FinancialPerformance\Sustainability Reports or Annual Reports\KEPPEL DC REIT_2018_SUS.pdf,KEPPEL DC REIT_2018_SUS.pdf,KEPPEL DC REIT,2018,SUS
C:\Users\Jeremy Chia\Documents\GitHub\NLP-SustainabilityReports-FinancialPerformance\Sustainability Reports or Annual Reports\KEPPEL DC REIT_2019_SUS.pdf,KEPPEL DC REIT_2019_SUS.pdf,KEPPEL DC REIT,2019,SUS
C:\Users\Jeremy Chia\Documents\GitHub\NLP-SustainabilityReports-FinancialPerformance\Sustainability Reports or Annual Reports\KEPPEL DC REIT_2020_SUS.pdf,KEPPEL DC REIT_2020_SUS.pdf,KEPPEL DC REIT,2020,SUS
C:\Users\Jeremy Chia\Documents\GitHub\NLP-SustainabilityReports-FinancialPerformance\Sustainability Reports or Annual Reports\KEPPEL DC REIT_2021_SUS.pdf,KEPPEL DC REIT_2021_SUS.pdf,KEPPEL DC REIT,2021,SUS
C:\Users\Jeremy Chia\Documents\GitHub\NLP-SustainabilityReports-FinancialPerformance\Sustainability Reports or Annual Reports\MAPLETREE COMMERCIAL TRUST_2015_SUS.pdf,MAPLETREE COMMERCIAL TRUST_2015_SUS.pdf,MAPLETREE COMMERCIAL TRUST,2015,SUS
C:\Users\Jeremy Chia\Documents\GitHub\NLP-SustainabilityReports-FinancialPerformance\Sustainability Reports or Annual Reports\MAPLETREE COMMERCIAL TRUST_2016_SUS.pdf,MAPLETREE COMMERCIAL TRUST_2016_SUS.pdf,MAPLETREE COMMERCIAL TRUST,2016,SUS
C:\Users\Jeremy Chia\Documents\GitHub\NLP-SustainabilityReports-FinancialPerformance\Sustainability Reports or Annual Reports\MAPLETREE COMMERCIAL TRUST_2017_SUS.pdf,MAPLETREE COMMERCIAL TRUST_2017_SUS.pdf,MAPLETREE COMMERCIAL TRUST,2017,SUS
C:\Users\Jeremy Chia\Documents\GitHub\NLP-SustainabilityReports-FinancialPerformance\Sustainability Reports or Annual Reports\MAPLETREE COMMERCIAL TRUST_2018_SUS.pdf,MAPLETREE COMMERCIAL TRUST_2018_SUS.pdf,MAPLETREE COMMERCIAL TRUST,2018,SUS
C:\Users\Jeremy Chia\Documents\GitHub\NLP-SustainabilityReports-FinancialPerformance\Sustainability Reports or Annual Reports\MAPLETREE COMMERCIAL TRUST_2019_SUS.pdf,MAPLETREE COMMERCIAL TRUST_2019_SUS.pdf,MAPLETREE COMMERCIAL TRUST,2019,SUS
C:\Users\Jeremy Chia\Documents\GitHub\NLP-SustainabilityReports-FinancialPerformance\Sustainability Reports or Annual Reports\MAPLETREE COMMERCIAL TRUST_2020_SUS.pdf,MAPLETREE COMMERCIAL TRUST_2020_SUS.pdf,MAPLETREE COMMERCIAL TRUST,2020,SUS
C:\Users\Jeremy Chia\Documents\GitHub\NLP-SustainabilityReports-FinancialPerformance\Sustainability Reports or Annual Reports\MAPLETREE COMMERCIAL TRUST_2021_SUS.pdf,MAPLETREE COMMERCIAL TRUST_2021_SUS.pdf,MAPLETREE COMMERCIAL TRUST,2021,SUS
C:\Users\Jeremy Chia\Documents\GitHub\NLP-SustainabilityReports-FinancialPerformance\Sustainability Reports or Annual Reports\MAPLETREE INDUSTRIAL TRUST_2015_SUS.pdf,MAPLETREE INDUSTRIAL TRUST_2015_SUS.pdf,MAPLETREE INDUSTRIAL TRUST,2015,SUS
C:\Users\Jeremy Chia\Documents\GitHub\NLP-SustainabilityReports-FinancialPerformance\Sustainability Reports or Annual Reports\MAPLETREE INDUSTRIAL TRUST_2016_SUS.pdf,MAPLETREE INDUSTRIAL TRUST_2016_SUS.pdf,MAPLETREE INDUSTRIAL TRUST,2016,SUS
C:\Users\Jeremy Chia\Documents\GitHub\NLP-SustainabilityReports-FinancialPerformance\Sustainability Reports or Annual Reports\MAPLETREE INDUSTRIAL TRUST_2017_SUS.pdf,MAPLETREE INDUSTRIAL TRUST_2017_SUS.pdf,MAPLETREE INDUSTRIAL TRUST,2017,SUS
C:\Users\Jeremy Chia\Documents\GitHub\NLP-SustainabilityReports-FinancialPerformance\Sustainability Reports or Annual Reports\MAPLETREE INDUSTRIAL TRUST_2018_SUS.pdf,MAPLETREE INDUSTRIAL TRUST_2018_SUS.pdf,MAPLETREE INDUSTRIAL TRUST,2018,SUS
C:\Users\Jeremy Chia\Documents\GitHub\NLP-SustainabilityReports-FinancialPerformance\Sustainability Reports or Annual Reports\MAPLETREE INDUSTRIAL TRUST_2019_SUS.pdf,MAPLETREE INDUSTRIAL TRUST_2019_SUS.pdf,MAPLETREE INDUSTRIAL TRUST,2019,SUS
C:\Users\Jeremy Chia\Documents\GitHub\NLP-SustainabilityReports-FinancialPerformance\Sustainability Reports or Annual Reports\MAPLETREE INDUSTRIAL TRUST_2020_SUS.pdf,MAPLETREE INDUSTRIAL TRUST_2020_SUS.pdf,MAPLETREE INDUSTRIAL TRUST,2020,SUS
C:\Users\Jeremy Chia\Documents\GitHub\NLP-SustainabilityReports-FinancialPerformance\Sustainability Reports or Annual Reports\MAPLETREE INDUSTRIAL TRUST_2021_SUS.pdf,MAPLETREE INDUSTRIAL TRUST_2021_SUS.pdf,MAPLETREE INDUSTRIAL TRUST,2021,SUS
C:\Users\Jeremy Chia\Documents\GitHub\NLP-SustainabilityReports-FinancialPerformance\Sustainability Reports or Annual Reports\MAPLETREE LOGISTICS TRUST_2015_SUS.pdf,MAPLETREE LOGISTICS TRUST_2015_SUS.pdf,MAPLETREE LOGISTICS TRUST,2015,SUS
C:\Users\Jeremy Chia\Documents\GitHub\NLP-SustainabilityReports-FinancialPerformance\Sustainability Reports or Annual Reports\MAPLETREE LOGISTICS TRUST_2016_SUS.pdf,MAPLETREE LOGISTICS TRUST_2016_SUS.pdf,MAPLETREE LOGISTICS TRUST,2016,SUS
C:\Users\Jeremy Chia\Documents\GitHub\NLP-SustainabilityReports-FinancialPerformance\Sustainability Reports or Annual Reports\MAPLETREE LOGISTICS TRUST_2017_SUS.pdf,MAPLETREE LOGISTICS TRUST_2017_SUS.pdf,MAPLETREE LOGISTICS TRUST,2017,SUS
C:\Users\Jeremy Chia\Documents\GitHub\NLP-SustainabilityReports-FinancialPerformance\Sustainability Reports or Annual Reports\MAPLETREE LOGISTICS TRUST_2018_SUS.pdf,MAPLETREE LOGISTICS TRUST_2018_SUS.pdf,MAPLETREE LOGISTICS TRUST,2018,SUS
C:\Users\Jeremy Chia\Documents\GitHub\NLP-SustainabilityReports-FinancialPerformance\Sustainability Reports or Annual Reports\MAPLETREE LOGISTICS TRUST_2019_SUS.pdf,MAPLETREE LOGISTICS TRUST_2019_SUS.pdf,MAPLETREE LOGISTICS TRUST,2019,SUS
C:\Users\Jeremy Chia\Documents\GitHub\NLP-SustainabilityReports-FinancialPerformance\Sustainability Reports or Annual Reports\MAPLETREE LOGISTICS TRUST_2020_SUS.pdf,MAPLETREE LOGISTICS TRUST_2020_SUS.pdf,MAPLETREE LOGISTICS TRUST,2020,SUS
C:\Users\Jeremy Chia\Documents\GitHub\NLP-SustainabilityReports-FinancialPerformance\Sustainability Reports or Annual Reports\MAPLETREE LOGISTICS TRUST_2021_SUS.pdf,MAPLETREE LOGISTICS TRUST_2021_SUS.pdf,MAPLETREE LOGISTICS TRUST,2021,SUS
C:\Users\Jeremy Chia\Documents\GitHub\NLP-SustainabilityReports-FinancialPerformance\Sustainability Reports or Annual Reports\OVERSEA-CHINESE BANKING CORP_2015_SUS.pdf,OVERSEA-CHINESE BANKING CORP_2015_SUS.pdf,OVERSEA-CHINESE BANKING CORP,2015,SUS
C:\Users\Jeremy Chia\Documents\GitHub\NLP-SustainabilityReports-FinancialPerformance\Sustainability Reports or Annual Reports\OVERSEA-CHINESE BANKING CORP_2016_SUS.pdf,OVERSEA-CHINESE BANKING CORP_2016_SUS.pdf,OVERSEA-CHINESE BANKING CORP,2016,SUS
C:\Users\Jeremy Chia\Documents\GitHub\NLP-SustainabilityReports-FinancialPerformance\Sustainability Reports or Annual Reports\OVERSEA-CHINESE BANKING CORP_2017_SUS.pdf,OVERSEA-CHINESE BANKING CORP_2017_SUS.pdf,OVERSEA-CHINESE BANKING CORP,2017,SUS
C:\Users\Jeremy Chia\Documents\GitHub\NLP-SustainabilityReports-FinancialPerformance\Sustainability Reports or Annual Reports\OVERSEA-CHINESE BANKING CORP_2018_SUS.pdf,OVERSEA-CHINESE BANKING CORP_2018_SUS.pdf,OVERSEA-CHINESE BANKING CORP,2018,SUS
C:\Users\Jeremy Chia\Documents\GitHub\NLP-SustainabilityReports-FinancialPerformance\Sustainability Reports or Annual Reports\OVERSEA-CHINESE BANKING CORP_2019_SUS.pdf,OVERSEA-CHINESE BANKING CORP_2019_SUS.pdf,OVERSEA-CHINESE BANKING CORP,2019,SUS
C:\Users\Jeremy Chia\Documents\GitHub\NLP-SustainabilityReports-FinancialPerformance\Sustainability Reports or Annual Reports\OVERSEA-CHINESE BANKING CORP_2020_SUS.pdf,OVERSEA-CHINESE BANKING CORP_2020_SUS.pdf,OVERSEA-CHINESE BANKING CORP,2020,SUS
C:\Users\Jeremy Chia\Documents\GitHub\NLP-SustainabilityReports-FinancialPerformance\Sustainability Reports or Annual Reports\OVERSEA-CHINESE BANKING CORP_2021_SUS.pdf,OVERSEA-CHINESE BANKING CORP_2021_SUS.pdf,OVERSEA-CHINESE BANKING CORP,2021,SUS
C:\Users\Jeremy Chia\Documents\GitHub\NLP-SustainabilityReports-FinancialPerformance\Sustainability Reports or Annual Reports\SATS LTD._2015_SUS.pdf,SATS LTD._2015_SUS.pdf,SATS LTD.,2015,SUS
C:\Users\Jeremy Chia\Documents\GitHub\NLP-SustainabilityReports-FinancialPerformance\Sustainability Reports or Annual Reports\SATS LTD._2016_SUS.pdf,SATS LTD._2016_SUS.pdf,SATS LTD.,2016,SUS
C:\Users\Jeremy Chia\Documents\GitHub\NLP-SustainabilityReports-FinancialPerformance\Sustainability Reports or Annual Reports\SATS LTD._2017_SUS.pdf,SATS LTD._2017_SUS.pdf,SATS LTD.,2017,SUS
C:\Users\Jeremy Chia\Documents\GitHub\NLP-SustainabilityReports-FinancialPerformance\Sustainability Reports or Annual Reports\SATS LTD._2018_SUS.pdf,SATS LTD._2018_SUS.pdf,SATS LTD.,2018,SUS
C:\Users\Jeremy Chia\Documents\GitHub\NLP-SustainabilityReports-FinancialPerformance\Sustainability Reports or Annual Reports\SATS LTD._2019_SUS.pdf,SATS LTD._2019_SUS.pdf,SATS LTD.,2019,SUS
C:\Users\Jeremy Chia\Documents\GitHub\NLP-SustainabilityReports-FinancialPerformance\Sustainability Reports or Annual Reports\SATS LTD._2020_SUS.pdf,SATS LTD._2020_SUS.pdf,SATS LTD.,2020,SUS
C:\Users\Jeremy Chia\Documents\GitHub\NLP-SustainabilityReports-FinancialPerformance\Sustainability Reports or Annual Reports\SATS LTD._2021_SUS.pdf,SATS LTD._2021_SUS.pdf,SATS LTD.,2021,SUS
C:\Users\Jeremy Chia\Documents\GitHub\NLP-SustainabilityReports-FinancialPerformance\Sustainability Reports or Annual Reports\SEMBCORP INDUSTRIES LTD_2015_SUS.pdf,SEMBCORP INDUSTRIES LTD_2015_SUS.pdf,SEMBCORP INDUSTRIES LTD,2015,SUS
C:\Users\Jeremy Chia\Documents\GitHub\NLP-SustainabilityReports-FinancialPerformance\Sustainability Reports or Annual Reports\SEMBCORP INDUSTRIES LTD_2016_SUS.pdf,SEMBCORP INDUSTRIES LTD_2016_SUS.pdf,SEMBCORP INDUSTRIES LTD,2016,SUS
C:\Users\Jeremy Chia\Documents\GitHub\NLP-SustainabilityReports-FinancialPerformance\Sustainability Reports or Annual Reports\SEMBCORP INDUSTRIES LTD_2017_SUS.pdf,SEMBCORP INDUSTRIES LTD_2017_SUS.pdf,SEMBCORP INDUSTRIES LTD,2017,SUS
C:\Users\Jeremy Chia\Documents\GitHub\NLP-SustainabilityReports-FinancialPerformance\Sustainability Reports or Annual Reports\SEMBCORP INDUSTRIES LTD_2018_SUS.pdf,SEMBCORP INDUSTRIES LTD_2018_SUS.pdf,SEMBCORP INDUSTRIES LTD,2018,SUS
C:\Users\Jeremy Chia\Documents\GitHub\NLP-SustainabilityReports-FinancialPerformance\Sustainability Reports or Annual Reports\SEMBCORP INDUSTRIES LTD_2019_SUS.pdf,SEMBCORP INDUSTRIES LTD_2019_SUS.pdf,SEMBCORP INDUSTRIES LTD,2019,SUS
C:\Users\Jeremy Chia\Documents\GitHub\NLP-SustainabilityReports-FinancialPerformance\Sustainability Reports or Annual Reports\SEMBCORP INDUSTRIES LTD_2020_SUS.pdf,SEMBCORP INDUSTRIES LTD_2020_SUS.pdf,SEMBCORP INDUSTRIES LTD,2020,SUS
C:\Users\Jeremy Chia\Documents\GitHub\NLP-SustainabilityReports-FinancialPerformance\Sustainability Reports or Annual Reports\SEMBCORP INDUSTRIES LTD_2021_SUS.pdf,SEMBCORP INDUSTRIES LTD_2021_SUS.pdf,SEMBCORP INDUSTRIES LTD,2021,SUS
C:\Users\Jeremy Chia\Documents\GitHub\NLP-SustainabilityReports-FinancialPerformance\Sustainability Reports or Annual Reports\SINGAPORE AIRLINES LTD_2015_SUS.pdf,SINGAPORE AIRLINES LTD_2015_SUS.pdf,SINGAPORE AIRLINES LTD,2015,SUS
C:\Users\Jeremy Chia\Documents\GitHub\NLP-SustainabilityReports-FinancialPerformance\Sustainability Reports or Annual Reports\SINGAPORE AIRLINES LTD_2016_SUS.pdf,SINGAPORE AIRLINES LTD_2016_SUS.pdf,SINGAPORE AIRLINES LTD,2016,SUS
C:\Users\Jeremy Chia\Documents\GitHub\NLP-SustainabilityReports-FinancialPerformance\Sustainability Reports or Annual Reports\SINGAPORE AIRLINES LTD_2017_SUS.pdf,SINGAPORE AIRLINES LTD_2017_SUS.pdf,SINGAPORE AIRLINES LTD,2017,SUS
C:\Users\Jeremy Chia\Documents\GitHub\NLP-SustainabilityReports-FinancialPerformance\Sustainability Reports or Annual Reports\SINGAPORE AIRLINES LTD_2018_SUS.pdf,SINGAPORE AIRLINES LTD_2018_SUS.pdf,SINGAPORE AIRLINES LTD,2018,SUS
C:\Users\Jeremy Chia\Documents\GitHub\NLP-SustainabilityReports-FinancialPerformance\Sustainability Reports or Annual Reports\SINGAPORE AIRLINES LTD_2019_SUS.pdf,SINGAPORE AIRLINES LTD_2019_SUS.pdf,SINGAPORE AIRLINES LTD,2019,SUS
C:\Users\Jeremy Chia\Documents\GitHub\NLP-SustainabilityReports-FinancialPerformance\Sustainability Reports or Annual Reports\SINGAPORE AIRLINES LTD_2020_SUS.pdf,SINGAPORE AIRLINES LTD_2020_SUS.pdf,SINGAPORE AIRLINES LTD,2020,SUS
C:\Users\Jeremy Chia\Documents\GitHub\NLP-SustainabilityReports-FinancialPerformance\Sustainability Reports or Annual Reports\SINGAPORE AIRLINES LTD_2021_SUS.pdf,SINGAPORE AIRLINES LTD_2021_SUS.pdf,SINGAPORE AIRLINES LTD,2021,SUS
C:\Users\Jeremy Chia\Documents\GitHub\NLP-SustainabilityReports-FinancialPerformance\Sustainability Reports or Annual Reports\SINGAPORE EXCHANGE LIMITED_2015_SUS.pdf,SINGAPORE EXCHANGE LIMITED_2015_SUS.pdf,SINGAPORE EXCHANGE LIMITED,2015,SUS
C:\Users\Jeremy Chia\Documents\GitHub\NLP-SustainabilityReports-FinancialPerformance\Sustainability Reports or Annual Reports\SINGAPORE EXCHANGE LIMITED_2016_SUS.pdf,SINGAPORE EXCHANGE LIMITED_2016_SUS.pdf,SINGAPORE EXCHANGE LIMITED,2016,SUS
C:\Users\Jeremy Chia\Documents\GitHub\NLP-SustainabilityReports-FinancialPerformance\Sustainability Reports or Annual Reports\SINGAPORE EXCHANGE LIMITED_2017_SUS.pdf,SINGAPORE EXCHANGE LIMITED_2017_SUS.pdf,SINGAPORE EXCHANGE LIMITED,2017,SUS
C:\Users\Jeremy Chia\Documents\GitHub\NLP-SustainabilityReports-FinancialPerformance\Sustainability Reports or Annual Reports\SINGAPORE EXCHANGE LIMITED_2018_SUS.pdf,SINGAPORE EXCHANGE LIMITED_2018_SUS.pdf,SINGAPORE EXCHANGE LIMITED,2018,SUS
C:\Users\Jeremy Chia\Documents\GitHub\NLP-SustainabilityReports-FinancialPerformance\Sustainability Reports or Annual Reports\SINGAPORE EXCHANGE LIMITED_2019_SUS.pdf,SINGAPORE EXCHANGE LIMITED_2019_SUS.pdf,SINGAPORE EXCHANGE LIMITED,2019,SUS
C:\Users\Jeremy Chia\Documents\GitHub\NLP-SustainabilityReports-FinancialPerformance\Sustainability Reports or Annual Reports\SINGAPORE EXCHANGE LIMITED_2020_SUS.pdf,SINGAPORE EXCHANGE LIMITED_2020_SUS.pdf,SINGAPORE EXCHANGE LIMITED,2020,SUS
C:\Users\Jeremy Chia\Documents\GitHub\NLP-SustainabilityReports-FinancialPerformance\Sustainability Reports or Annual Reports\SINGAPORE EXCHANGE LIMITED_2021_SUS.pdf,SINGAPORE EXCHANGE LIMITED_2021_SUS.pdf,SINGAPORE EXCHANGE LIMITED,2021,SUS
C:\Users\Jeremy Chia\Documents\GitHub\NLP-SustainabilityReports-FinancialPerformance\Sustainability Reports or Annual Reports\SINGAPORE TECH ENGINEERING LTD_2015_SUS.pdf,SINGAPORE TECH ENGINEERING LTD_2015_SUS.pdf,SINGAPORE TECH ENGINEERING LTD,2015,SUS
C:\Users\Jeremy Chia\Documents\GitHub\NLP-SustainabilityReports-FinancialPerformance\Sustainability Reports or Annual Reports\SINGAPORE TECH ENGINEERING LTD_2016_SUS.pdf,SINGAPORE TECH ENGINEERING LTD_2016_SUS.pdf,SINGAPORE TECH ENGINEERING LTD,2016,SUS
C:\Users\Jeremy Chia\Documents\GitHub\NLP-SustainabilityReports-FinancialPerformance\Sustainability Reports or Annual Reports\SINGAPORE TECH ENGINEERING LTD_2017_SUS.pdf,SINGAPORE TECH ENGINEERING LTD_2017_SUS.pdf,SINGAPORE TECH ENGINEERING LTD,2017,SUS
C:\Users\Jeremy Chia\Documents\GitHub\NLP-SustainabilityReports-FinancialPerformance\Sustainability Reports or Annual Reports\SINGAPORE TECH ENGINEERING LTD_2018_SUS.pdf,SINGAPORE TECH ENGINEERING LTD_2018_SUS.pdf,SINGAPORE TECH ENGINEERING LTD,2018,SUS
C:\Users\Jeremy Chia\Documents\GitHub\NLP-SustainabilityReports-FinancialPerformance\Sustainability Reports or Annual Reports\SINGAPORE TECH ENGINEERING LTD_2019_SUS.pdf,SINGAPORE TECH ENGINEERING LTD_2019_SUS.pdf,SINGAPORE TECH ENGINEERING LTD,2019,SUS
C:\Users\Jeremy Chia\Documents\GitHub\NLP-SustainabilityReports-FinancialPerformance\Sustainability Reports or Annual Reports\SINGAPORE TECH ENGINEERING LTD_2020_SUS.pdf,SINGAPORE TECH ENGINEERING LTD_2020_SUS.pdf,SINGAPORE TECH ENGINEERING LTD,2020,SUS
C:\Users\Jeremy Chia\Documents\GitHub\NLP-SustainabilityReports-FinancialPerformance\Sustainability Reports or Annual Reports\SINGAPORE TECH ENGINEERING LTD_2021_SUS.pdf,SINGAPORE TECH ENGINEERING LTD_2021_SUS.pdf,SINGAPORE TECH ENGINEERING LTD,2021,SUS
C:\Users\Jeremy Chia\Documents\GitHub\NLP-SustainabilityReports-FinancialPerformance\Sustainability Reports or Annual Reports\SINGTEL_2015_SUS.pdf,SINGTEL_2015_SUS.pdf,SINGTEL,2015,SUS
C:\Users\Jeremy Chia\Documents\GitHub\NLP-SustainabilityReports-FinancialPerformance\Sustainability Reports or Annual Reports\SINGTEL_2016_SUS.pdf,SINGTEL_2016_SUS.pdf,SINGTEL,2016,SUS
C:\Users\Jeremy Chia\Documents\GitHub\NLP-SustainabilityReports-FinancialPerformance\Sustainability Reports or Annual Reports\SINGTEL_2017_SUS.pdf,SINGTEL_2017_SUS.pdf,SINGTEL,2017,SUS
C:\Users\Jeremy Chia\Documents\GitHub\NLP-SustainabilityReports-FinancialPerformance\Sustainability Reports or Annual Reports\SINGTEL_2018_SUS.pdf,SINGTEL_2018_SUS.pdf,SINGTEL,2018,SUS
C:\Users\Jeremy Chia\Documents\GitHub\NLP-SustainabilityReports-FinancialPerformance\Sustainability Reports or Annual Reports\SINGTEL_2019_SUS.pdf,SINGTEL_2019_SUS.pdf,SINGTEL,2019,SUS
C:\Users\Jeremy Chia\Documents\GitHub\NLP-SustainabilityReports-FinancialPerformance\Sustainability Reports or Annual Reports\SINGTEL_2020_SUS.pdf,SINGTEL_2020_SUS.pdf,SINGTEL,2020,SUS
C:\Users\Jeremy Chia\Documents\GitHub\NLP-SustainabilityReports-FinancialPerformance\Sustainability Reports or Annual Reports\SINGTEL_2021_SUS.pdf,SINGTEL_2021_SUS.pdf,SINGTEL,2021,SUS
C:\Users\Jeremy Chia\Documents\GitHub\NLP-SustainabilityReports-FinancialPerformance\Sustainability Reports or Annual Reports\THAI BEVERAGE PUBLIC CO LTD_2015_SUS.pdf,THAI BEVERAGE PUBLIC CO LTD_2015_SUS.pdf,THAI BEVERAGE PUBLIC CO LTD,2015,SUS
C:\Users\Jeremy Chia\Documents\GitHub\NLP-SustainabilityReports-FinancialPerformance\Sustainability Reports or Annual Reports\THAI BEVERAGE PUBLIC CO LTD_2016_SUS.pdf,THAI BEVERAGE PUBLIC CO LTD_2016_SUS.pdf,THAI BEVERAGE PUBLIC CO LTD,2016,SUS
C:\Users\Jeremy Chia\Documents\GitHub\NLP-SustainabilityReports-FinancialPerformance\Sustainability Reports or Annual Reports\THAI BEVERAGE PUBLIC CO LTD_2017_SUS.pdf,THAI BEVERAGE PUBLIC CO LTD_2017_SUS.pdf,THAI BEVERAGE PUBLIC CO LTD,2017,SUS
C:\Users\Jeremy Chia\Documents\GitHub\NLP-SustainabilityReports-FinancialPerformance\Sustainability Reports or Annual Reports\THAI BEVERAGE PUBLIC CO LTD_2018_SUS.pdf,THAI BEVERAGE PUBLIC CO LTD_2018_SUS.pdf,THAI BEVERAGE PUBLIC CO LTD,2018,SUS
C:\Users\Jeremy Chia\Documents\GitHub\NLP-SustainabilityReports-FinancialPerformance\Sustainability Reports or Annual Reports\THAI BEVERAGE PUBLIC CO LTD_2019_SUS.pdf,THAI BEVERAGE PUBLIC CO LTD_2019_SUS.pdf,THAI BEVERAGE PUBLIC CO LTD,2019,SUS
C:\Users\Jeremy Chia\Documents\GitHub\NLP-SustainabilityReports-FinancialPerformance\Sustainability Reports or Annual Reports\THAI BEVERAGE PUBLIC CO LTD_2020_SUS.pdf,THAI BEVERAGE PUBLIC CO LTD_2020_SUS.pdf,THAI BEVERAGE PUBLIC CO LTD,2020,SUS
C:\Users\Jeremy Chia\Documents\GitHub\NLP-SustainabilityReports-FinancialPerformance\Sustainability Reports or Annual Reports\THAI BEVERAGE PUBLIC CO LTD_2021_SUS.pdf,THAI BEVERAGE PUBLIC CO LTD_2021_SUS.pdf,THAI BEVERAGE PUBLIC CO LTD,2021,SUS
C:\Users\Jeremy Chia\Documents\GitHub\NLP-SustainabilityReports-FinancialPerformance\Sustainability Reports or Annual Reports\UNITED OVERSEAS BANK LTD_2015_SUS.pdf,UNITED OVERSEAS BANK LTD_2015_SUS.pdf,UNITED OVERSEAS BANK LTD,2015,SUS
C:\Users\Jeremy Chia\Documents\GitHub\NLP-SustainabilityReports-FinancialPerformance\Sustainability Reports or Annual Reports\UNITED OVERSEAS BANK LTD_2016_SUS.pdf,UNITED OVERSEAS BANK LTD_2016_SUS.pdf,UNITED OVERSEAS BANK LTD,2016,SUS
C:\Users\Jeremy Chia\Documents\GitHub\NLP-SustainabilityReports-FinancialPerformance\Sustainability Reports or Annual Reports\UNITED OVERSEAS BANK LTD_2017_SUS.pdf,UNITED OVERSEAS BANK LTD_2017_SUS.pdf,UNITED OVERSEAS BANK LTD,2017,SUS
C:\Users\Jeremy Chia\Documents\GitHub\NLP-SustainabilityReports-FinancialPerformance\Sustainability Reports or Annual Reports\UNITED OVERSEAS BANK LTD_2018_SUS.pdf,UNITED OVERSEAS BANK LTD_2018_SUS.pdf,UNITED OVERSEAS BANK LTD,2018,SUS
C:\Users\Jeremy Chia\Documents\GitHub\NLP-SustainabilityReports-FinancialPerformance\Sustainability Reports or Annual Reports\UNITED OVERSEAS BANK LTD_2019_SUS.pdf,UNITED OVERSEAS BANK LTD_2019_SUS.pdf,UNITED OVERSEAS BANK LTD,2019,SUS
C:\Users\Jeremy Chia\Documents\GitHub\NLP-SustainabilityReports-FinancialPerformance\Sustainability Reports or Annual Reports\UNITED OVERSEAS BANK LTD_2020_SUS.pdf,UNITED OVERSEAS BANK LTD_2020_SUS.pdf,UNITED OVERSEAS BANK LTD,2020,SUS
C:\Users\Jeremy Chia\Documents\GitHub\NLP-SustainabilityReports-FinancialPerformance\Sustainability Reports or Annual Reports\UNITED OVERSEAS BANK LTD_2021_SUS.pdf,UNITED OVERSEAS BANK LTD_2021_SUS.pdf,UNITED OVERSEAS BANK LTD,2021,SUS
C:\Users\Jeremy Chia\Documents\GitHub\NLP-SustainabilityReports-FinancialPerformance\Sustainability Reports or Annual Reports\UOL GROUP LIMITED_2015_SUS.pdf,UOL GROUP LIMITED_2015_SUS.pdf,UOL GROUP LIMITED,2015,SUS
C:\Users\Jeremy Chia\Documents\GitHub\NLP-SustainabilityReports-FinancialPerformance\Sustainability Reports or Annual Reports\UOL GROUP LIMITED_2016_SUS.pdf,UOL GROUP LIMITED_2016_SUS.pdf,UOL GROUP LIMITED,2016,SUS
C:\Users\Jeremy Chia\Documents\GitHub\NLP-SustainabilityReports-FinancialPerformance\Sustainability Reports or Annual Reports\UOL GROUP LIMITED_2017_SUS.pdf,UOL GROUP LIMITED_2017_SUS.pdf,UOL GROUP LIMITED,2017,SUS
C:\Users\Jeremy Chia\Documents\GitHub\NLP-SustainabilityReports-FinancialPerformance\Sustainability Reports or Annual Reports\UOL GROUP LIMITED_2018_SUS.pdf,UOL GROUP LIMITED_2018_SUS.pdf,UOL GROUP LIMITED,2018,SUS
C:\Users\Jeremy Chia\Documents\GitHub\NLP-SustainabilityReports-FinancialPerformance\Sustainability Reports or Annual Reports\UOL GROUP LIMITED_2019_SUS.pdf,UOL GROUP LIMITED_2019_SUS.pdf,UOL GROUP LIMITED,2019,SUS
C:\Users\Jeremy Chia\Documents\GitHub\NLP-SustainabilityReports-FinancialPerformance\Sustainability Reports or Annual Reports\UOL GROUP LIMITED_2020_SUS.pdf,UOL GROUP LIMITED_2020_SUS.pdf,UOL GROUP LIMITED,2020,SUS
C:\Users\Jeremy Chia\Documents\GitHub\NLP-SustainabilityReports-FinancialPerformance\Sustainability Reports or Annual Reports\UOL GROUP LIMITED_2021_SUS.pdf,UOL GROUP LIMITED_2021_SUS.pdf,UOL GROUP LIMITED,2021,SUS
C:\Users\Jeremy Chia\Documents\GitHub\NLP-SustainabilityReports-FinancialPerformance\Sustainability Reports or Annual Reports\VENTURE CORPORATION LIMITED_2017_SUS.pdf,VENTURE CORPORATION LIMITED_2017_SUS.pdf,VENTURE CORPORATION LIMITED,2017,SUS
C:\Users\Jeremy Chia\Documents\GitHub\NLP-SustainabilityReports-FinancialPerformance\Sustainability Reports or Annual Reports\VENTURE CORPORATION LIMITED_2018_SUS.pdf,VENTURE CORPORATION LIMITED_2018_SUS.pdf,VENTURE CORPORATION LIMITED,2018,SUS
C:\Users\Jeremy Chia\Documents\GitHub\NLP-SustainabilityReports-FinancialPerformance\Sustainability Reports or Annual Reports\VENTURE CORPORATION LIMITED_2019_SUS.pdf,VENTURE CORPORATION LIMITED_2019_SUS.pdf,VENTURE CORPORATION LIMITED,2019,SUS
C:\Users\Jeremy Chia\Documents\GitHub\NLP-SustainabilityReports-FinancialPerformance\Sustainability Reports or Annual Reports\VENTURE CORPORATION LIMITED_2020_SUS.pdf,VENTURE CORPORATION LIMITED_2020_SUS.pdf,VENTURE CORPORATION LIMITED,2020,SUS
C:\Users\Jeremy Chia\Documents\GitHub\NLP-SustainabilityReports-FinancialPerformance\Sustainability Reports or Annual Reports\VENTURE CORPORATION LIMITED_2021_SUS.pdf,VENTURE CORPORATION LIMITED_2021_SUS.pdf,VENTURE CORPORATION LIMITED,2021,SUS
C:\Users\Jeremy Chia\Documents\GitHub\NLP-SustainabilityReports-FinancialPerformance\Sustainability Reports or Annual Reports\WILMAR INTERNATIONAL LIMITED_2015_SUS.pdf,WILMAR INTERNATIONAL LIMITED_2015_SUS.pdf,WILMAR INTERNATIONAL LIMITED,2015,SUS
C:\Users\Jeremy Chia\Documents\GitHub\NLP-SustainabilityReports-FinancialPerformance\Sustainability Reports or Annual Reports\WILMAR INTERNATIONAL LIMITED_2016_SUS.pdf,WILMAR INTERNATIONAL LIMITED_2016_SUS.pdf,WILMAR INTERNATIONAL LIMITED,2016,SUS
C:\Users\Jeremy Chia\Documents\GitHub\NLP-SustainabilityReports-FinancialPerformance\Sustainability Reports or Annual Reports\WILMAR INTERNATIONAL LIMITED_2017_SUS.pdf,WILMAR INTERNATIONAL LIMITED_2017_SUS.pdf,WILMAR INTERNATIONAL LIMITED,2017,SUS
C:\Users\Jeremy Chia\Documents\GitHub\NLP-SustainabilityReports-FinancialPerformance\Sustainability Reports or Annual Reports\WILMAR INTERNATIONAL LIMITED_2018_SUS.pdf,WILMAR INTERNATIONAL LIMITED_2018_SUS.pdf,WILMAR INTERNATIONAL LIMITED,2018,SUS
C:\Users\Jeremy Chia\Documents\GitHub\NLP-SustainabilityReports-FinancialPerformance\Sustainability Reports or Annual Reports\WILMAR INTERNATIONAL LIMITED_2019_SUS.pdf,WILMAR INTERNATIONAL LIMITED_2019_SUS.pdf,WILMAR INTERNATIONAL LIMITED,2019,SUS
C:\Users\Jeremy Chia\Documents\GitHub\NLP-SustainabilityReports-FinancialPerformance\Sustainability Reports or Annual Reports\WILMAR INTERNATIONAL LIMITED_2020_SUS.pdf,WILMAR INTERNATIONAL LIMITED_2020_SUS.pdf,WILMAR INTERNATIONAL LIMITED,2020,SUS
C:\Users\Jeremy Chia\Documents\GitHub\NLP-SustainabilityReports-FinancialPerformance\Sustainability Reports or Annual Reports\WILMAR INTERNATIONAL LIMITED_2021_SUS.pdf,WILMAR INTERNATIONAL LIMITED_2021_SUS.pdf,WILMAR INTERNATIONAL LIMITED,2021,SUS
C:\Users\Jeremy Chia\Documents\GitHub\NLP-SustainabilityReports-FinancialPerformance\Sustainability Reports or Annual Reports\YANGZIJIANG SHIPBLDG HLDGS LTD_2015_SUS.pdf,YANGZIJIANG SHIPBLDG HLDGS LTD_2015_SUS.pdf,YANGZIJIANG SHIPBLDG HLDGS LTD,2015,SUS
C:\Users\Jeremy Chia\Documents\GitHub\NLP-SustainabilityReports-FinancialPerformance\Sustainability Reports or Annual Reports\YANGZIJIANG SHIPBLDG HLDGS LTD_2016_SUS.pdf,YANGZIJIANG SHIPBLDG HLDGS LTD_2016_SUS.pdf,YANGZIJIANG SHIPBLDG HLDGS LTD,2016,SUS
C:\Users\Jeremy Chia\Documents\GitHub\NLP-SustainabilityReports-FinancialPerformance\Sustainability Reports or Annual Reports\YANGZIJIANG SHIPBLDG HLDGS LTD_2017_SUS.pdf,YANGZIJIANG SHIPBLDG HLDGS LTD_2017_SUS.pdf,YANGZIJIANG SHIPBLDG HLDGS LTD,2017,SUS
C:\Users\Jeremy Chia\Documents\GitHub\NLP-SustainabilityReports-FinancialPerformance\Sustainability Reports or Annual Reports\YANGZIJIANG SHIPBLDG HLDGS LTD_2018_SUS.pdf,YANGZIJIANG SHIPBLDG HLDGS LTD_2018_SUS.pdf,YANGZIJIANG SHIPBLDG HLDGS LTD,2018,SUS
C:\Users\Jeremy Chia\Documents\GitHub\NLP-SustainabilityReports-FinancialPerformance\Sustainability Reports or Annual Reports\YANGZIJIANG SHIPBLDG HLDGS LTD_2019_SUS.pdf,YANGZIJIANG SHIPBLDG HLDGS LTD_2019_SUS.pdf,YANGZIJIANG SHIPBLDG HLDGS LTD,2019,SUS
C:\Users\Jeremy Chia\Documents\GitHub\NLP-SustainabilityReports-FinancialPerformance\Sustainability Reports or Annual Reports\YANGZIJIANG SHIPBLDG HLDGS LTD_2020_SUS.pdf,YANGZIJIANG SHIPBLDG HLDGS LTD_2020_SUS.pdf,YANGZIJIANG SHIPBLDG HLDGS LTD,2020,SUS
C:\Users\Jeremy Chia\Documents\GitHub\NLP-SustainabilityReports-FinancialPerformance\Sustainability Reports or Annual Reports\YANGZIJIANG SHIPBLDG HLDGS LTD_2021_SUS.pdf,YANGZIJIANG SHIPBLDG HLDGS LTD_2021_SUS.pdf,YANGZIJIANG SHIPBLDG HLDGS LTD,2021,SUS
